{ "data": [{ "currency": "BDT", "name": "Bangladesh" }, { "currency": "EUR", "name": "Belgium" }, { "currency": "XOF", "name": "Burkina Faso" }, { "currency": "BGN", "name": "Bulgaria" }, { "currency": "BAM", "name": "Bosnia and Herzegovina" }, { "currency": "BBD", "name": "Barbados" }, { "currency": "XPF", "name": "Wallis and Futuna" }, { "currency": "EUR", "name": "Saint Barthelemy" }, { "currency": "BMD", "name": "Bermuda" }, { "currency": "BND", "name": "Brunei" }, { "currency": "BOB", "name": "Bolivia" }, { "currency": "BHD", "name": "Bahrain" }, { "currency": "BIF", "name": "Burundi" }, { "currency": "XOF", "name": "Benin" }, { "currency": "BTN", "name": "Bhutan" }, { "currency": "JMD", "name": "Jamaica" }, { "currency": "NOK", "name": "Bouvet Island" }, { "currency": "BWP", "name": "Botswana" }, { "currency": "WST", "name": "Samoa" }, { "currency": "USD", "name": "Bonaire, Saint Eustatius and Saba " }, { "currency": "BRL", "name": "Brazil" }, { "currency": "BSD", "name": "Bahamas" }, { "currency": "GBP", "name": "Jersey" }, { "currency": "BYR", "name": "Belarus" }, { "currency": "BZD", "name": "Belize" }, { "currency": "RUB", "name": "Russia" }, { "currency": "RWF", "name": "Rwanda" }, { "currency": "RSD", "name": "Serbia" }, { "currency": "LTL", "name": "Lithuania" }, { "currency": "EUR", "name": "Reunion" }, { "currency": "EUR", "name": "Luxembourg" }, { "currency": "LRD", "name": "Liberia" }, { "currency": "RON", "name": "Romania" }, { "currency": "LSL", "name": "Lesotho" }, { "currency": "XOF", "name": "Guinea-Bissau" }, { "currency": "USD", "name": "Guam" }, { "currency": "GTQ", "name": "Guatemala" }, { "currency": "GBP", "name": "South Georgia and the South Sandwich Islands" }, { "currency": "EUR", "name": "Greece" }, { "currency": "XAF", "name": "Equatorial Guinea" }, { "currency": "EUR", "name": "Guadeloupe" }, { "currency": "JPY", "name": "Japan" }, { "currency": "GYD", "name": "Guyana" }, { "currency": "GBP", "name": "Guernsey" }, { "currency": "EUR", "name": "French Guiana" }, { "currency": "GEL", "name": "Georgia" }, { "currency": "XCD", "name": "Grenada" }, { "currency": "GBP", "name": "United Kingdom" }, { "currency": "XAF", "name": "Gabon" }, { "currency": "GNF", "name": "Guinea" }, { "currency": "GMD", "name": "Gambia" }, { "currency": "DKK", "name": "Greenland" }, { "currency": "KWD", "name": "Kuwait" }, { "currency": "GIP", "name": "Gibraltar" }, { "currency": "GHS", "name": "Ghana" }, { "currency": "OMR", "name": "Oman" }, { "currency": "JOD", "name": "Jordan" }, { "currency": "HRK", "name": "Croatia" }, { "currency": "HTG", "name": "Haiti" }, { "currency": "HUF", "name": "Hungary" }, { "currency": "HKD", "name": "Hong Kong" }, { "currency": "HNL", "name": "Honduras" }, { "currency": "EUR", "name": "Latvia" }, { "currency": "AUD", "name": "Heard Island and McDonald Islands" }, { "currency": "KRW", "name": "South Korea" }, { "currency": "EUR", "name": "Andorra" }, { "currency": "USD", "name": "Puerto Rico" }, { "currency": "ILS", "name": "Palestinian Territory" }, { "currency": "USD", "name": "Palau" }, { "currency": "EUR", "name": "Portugal" }, { "currency": "XCD", "name": "Saint Kitts and Nevis" }, { "currency": "PYG", "name": "Paraguay" }, { "currency": "XCD", "name": "Anguilla" }, { "currency": "PAB", "name": "Panama" }, { "currency": "XPF", "name": "French Polynesia" }, { "currency": "PGK", "name": "Papua New Guinea" }, { "currency": "PEN", "name": "Peru" }, { "currency": "PKR", "name": "Pakistan" }, { "currency": "PHP", "name": "Philippines" }, { "currency": "NZD", "name": "Pitcairn" }, { "currency": "PLN", "name": "Poland" }, { "currency": "EUR", "name": "Saint Pierre and Miquelon" }, { "currency": "ZMK", "name": "Zambia" }, { "currency": "MAD", "name": "Western Sahara" }, { "currency": "EUR", "name": "Estonia" }, { "currency": "EGP", "name": "Egypt" }, { "currency": "ZAR", "name": "South Africa" }, { "currency": "USD", "name": "Ecuador" }, { "currency": "ALL", "name": "Albania" }, { "currency": "AOA", "name": "Angola" }, { "currency": "KZT", "name": "Kazakhstan" }, { "currency": "ETB", "name": "Ethiopia" }, { "currency": "ZWL", "name": "Zimbabwe" }, { "currency": "KYD", "name": "Cayman Islands" }, { "currency": "EUR", "name": "Spain" }, { "currency": "ERN", "name": "Eritrea" }, { "currency": "EUR", "name": "Montenegro" }, { "currency": "MDL", "name": "Moldova" }, { "currency": "MGA", "name": "Madagascar" }, { "currency": "EUR", "name": "Saint Martin" }, { "currency": "MAD", "name": "Morocco" }, { "currency": "EUR", "name": "Monaco" }, { "currency": "UZS", "name": "Uzbekistan" }, { "currency": "MMK", "name": "Myanmar" }, { "currency": "XOF", "name": "Mali" }, { "currency": "MOP", "name": "Macao" }, { "currency": "MNT", "name": "Mongolia" }, { "currency": "USD", "name": "Marshall Islands" }, { "currency": "MKD", "name": "Macedonia" }, { "currency": "MUR", "name": "Mauritius" }, { "currency": "EUR", "name": "Malta" }, { "currency": "MWK", "name": "Malawi" }, { "currency": "MVR", "name": "Maldives" }, { "currency": "EUR", "name": "Martinique" }, { "currency": "USD", "name": "Northern Mariana Islands" }, { "currency": "XCD", "name": "Montserrat" }, { "currency": "MRO", "name": "Mauritania" }, { "currency": "AUD", "name": "Australia" }, { "currency": "UGX", "name": "Uganda" }, { "currency": "MYR", "name": "Malaysia" }, { "currency": "MXN", "name": "Mexico" }, { "currency": "VUV", "name": "Vanuatu" }, { "currency": "EUR", "name": "France" }, { "currency": "AWG", "name": "Aruba" }, { "currency": "AFN", "name": "Afghanistan" }, { "currency": "EUR", "name": "Aland Islands" }, { "currency": "EUR", "name": "Finland" }, { "currency": "FJD", "name": "Fiji" }, { "currency": "FKP", "name": "Falkland Islands" }, { "currency": "USD", "name": "Micronesia" }, { "currency": "DKK", "name": "Faroe Islands" }, { "currency": "NIO", "name": "Nicaragua" }, { "currency": "EUR", "name": "Netherlands" }, { "currency": "NOK", "name": "Norway" }, { "currency": "NAD", "name": "Namibia" }, { "currency": "XPF", "name": "New Caledonia" }, { "currency": "XOF", "name": "Niger" }, { "currency": "AUD", "name": "Norfolk Island" }, { "currency": "NGN", "name": "Nigeria" }, { "currency": "NZD", "name": "New Zealand" }, { "currency": "NPR", "name": "Nepal" }, { "currency": "AUD", "name": "Nauru" }, { "currency": "NZD", "name": "Niue" }, { "currency": "NZD", "name": "Cook Islands" }, { "currency": "EUR", "name": "Kosovo" }, { "currency": "XOF", "name": "Ivory Coast" }, { "currency": "CHF", "name": "Switzerland" }, { "currency": "COP", "name": "Colombia" }, { "currency": "CNY", "name": "China" }, { "currency": "XAF", "name": "Cameroon" }, { "currency": "CLP", "name": "Chile" }, { "currency": "AUD", "name": "Cocos Islands" }, { "currency": "CAD", "name": "Canada" }, { "currency": "XAF", "name": "Republic of the Congo" }, { "currency": "XAF", "name": "Central African Republic" }, { "currency": "CDF", "name": "Democratic Republic of the Congo" }, { "currency": "CZK", "name": "Czech Republic" }, { "currency": "EUR", "name": "Cyprus" }, { "currency": "AUD", "name": "Christmas Island" }, { "currency": "CRC", "name": "Costa Rica" }, { "currency": "KPW", "name": "North Korea" }, { "currency": "ANG", "name": "Curacao" }, { "currency": "CVE", "name": "Cape Verde" }, { "currency": "CUP", "name": "Cuba" }, { "currency": "SZL", "name": "Swaziland" }, { "currency": "SYP", "name": "Syria" }, { "currency": "ANG", "name": "Sint Maarten" }, { "currency": "KGS", "name": "Kyrgyzstan" }, { "currency": "KES", "name": "Kenya" }, { "currency": "SSP", "name": "South Sudan" }, { "currency": "SRD", "name": "Suriname" }, { "currency": "AUD", "name": "Kiribati" }, { "currency": "KHR", "name": "Cambodia" }, { "currency": "USD", "name": "El Salvador" }, { "currency": "KMF", "name": "Comoros" }, { "currency": "STD", "name": "Sao Tome and Principe" }, { "currency": "EUR", "name": "Slovakia" }, { "currency": "NOK", "name": "Svalbard and Jan Mayen" }, { "currency": "EUR", "name": "Slovenia" }, { "currency": "SHP", "name": "Saint Helena" }, { "currency": "SOS", "name": "Somalia" }, { "currency": "XOF", "name": "Senegal" }, { "currency": "EUR", "name": "San Marino" }, { "currency": "SLL", "name": "Sierra Leone" }, { "currency": "SCR", "name": "Seychelles" }, { "currency": "SBD", "name": "Solomon Islands" }, { "currency": "SAR", "name": "Saudi Arabia" }, { "currency": "SGD", "name": "Singapore" }, { "currency": "SEK", "name": "Sweden" }, { "currency": "SDG", "name": "Sudan" }, { "currency": "DOP", "name": "Dominican Republic" }, { "currency": "XCD", "name": "Dominica" }, { "currency": "DJF", "name": "Djibouti" }, { "currency": "DKK", "name": "Denmark" }, { "currency": "EUR", "name": "Germany" }, { "currency": "YER", "name": "Yemen" }, { "currency": "EUR", "name": "Austria" }, { "currency": "DZD", "name": "Algeria" }, { "currency": "USD", "name": "United States" }, { "currency": "UYU", "name": "Uruguay" }, { "currency": "EUR", "name": "Mayotte" }, { "currency": "USD", "name": "United States Minor Outlying Islands" }, { "currency": "TZS", "name": "Tanzania" }, { "currency": "XCD", "name": "Saint Lucia" }, { "currency": "LAK", "name": "Laos" }, { "currency": "AUD", "name": "Tuvalu" }, { "currency": "TWD", "name": "Taiwan" }, { "currency": "TTD", "name": "Trinidad and Tobago" }, { "currency": "TRY", "name": "Turkey" }, { "currency": "LKR", "name": "Sri Lanka" }, { "currency": "CHF", "name": "Liechtenstein" }, { "currency": "TND", "name": "Tunisia" }, { "currency": "TOP", "name": "Tonga" }, { "currency": "USD", "name": "East Timor" }, { "currency": "TMT", "name": "Turkmenistan" }, { "currency": "TJS", "name": "Tajikistan" }, { "currency": "NZD", "name": "Tokelau" }, { "currency": "THB", "name": "Thailand" }, { "currency": "EUR", "name": "French Southern Territories" }, { "currency": "XOF", "name": "Togo" }, { "currency": "XAF", "name": "Chad" }, { "currency": "USD", "name": "Turks and Caicos Islands" }, { "currency": "LYD", "name": "Libya" }, { "currency": "EUR", "name": "Vatican" }, { "currency": "XCD", "name": "Saint Vincent and the Grenadines" }, { "currency": "AED", "name": "United Arab Emirates" }, { "currency": "VEF", "name": "Venezuela" }, { "currency": "XCD", "name": "Antigua and Barbuda" }, { "currency": "USD", "name": "British Virgin Islands" }, { "currency": "IQD", "name": "Iraq" }, { "currency": "USD", "name": "U.S. Virgin Islands" }, { "currency": "ISK", "name": "Iceland" }, { "currency": "IRR", "name": "Iran" }, { "currency": "AMD", "name": "Armenia" }, { "currency": "EUR", "name": "Italy" }, { "currency": "VND", "name": "Vietnam" }, { "currency": "", "name": "Antarctica" }, { "currency": "USD", "name": "American Samoa" }, { "currency": "ARS", "name": "Argentina" }, { "currency": "GBP", "name": "Isle of Man" }, { "currency": "ILS", "name": "Israel" }, { "currency": "USD", "name": "British Indian Ocean Territory" }, { "currency": "INR", "name": "India" }, { "currency": "LBP", "name": "Lebanon" }, { "currency": "AZN", "name": "Azerbaijan" }, { "currency": "EUR", "name": "Ireland" }, { "currency": "IDR", "name": "Indonesia" }, { "currency": "UAH", "name": "Ukraine" }, { "currency": "QAR", "name": "Qatar" }, { "currency": "MZN", "name": "Mozambique" }] }